﻿{"cameraMode":{"drawMode":0,"name":"Shaded","section":"Shading Mode"},"sceneLighting":true,"audioPlay":false,"sceneViewState":{"showFog":true,"showMaterialUpdate":false,"showSkybox":true,"showFlares":true,"showImageEffects":true,"showParticleSystems":true},"in2DMode":false,"pivot":{"x":-65.66500091552735,"y":-24.810699462890626,"z":-76.14134979248047},"rotation":{"x":0.042103905230760577,"y":-0.9293771386146545,"z":0.11206363141536713,"w":0.34918075799942019},"size":131.686279296875,"orthographic":false}